use parque_natural;

insert into entidad_responsable (id, nombre) values
(1, 'ministerio de ambiente'),
(2, 'corporaci칩n aut칩noma regional de cundinamarca'),
(3, 'corporaci칩n aut칩noma regional del valle'),
(4, 'corporaci칩n aut칩noma regional de santander'),
(5, 'corporaci칩n aut칩noma regional de boyac치'),
(6, 'corporaci칩n aut칩noma regional de la guajira'),
(7, 'corporaci칩n aut칩noma regional del amazonas'),
(8, 'corporaci칩n aut칩noma regional de los llanos orientales'),
(9, 'corporaci칩n aut칩noma regional del caribe'),
(10, 'corporaci칩n aut칩noma regional de nari침o'),
(11, 'corporaci칩n aut칩noma regional del cauca'),
(12, 'corporaci칩n aut칩noma regional del choco'),
(13, 'corporaci칩n aut칩noma regional de casanare'),
(14, 'corporaci칩n aut칩noma regional del cesar'),
(15, 'corporaci칩n aut칩noma regional de tolima'),
(16, 'corporaci칩n aut칩noma regional de huila'),
(17, 'corporaci칩n aut칩noma regional de putumayo'),
(18, 'corporaci칩n aut칩noma regional del magdalena'),
(19, 'corporaci칩n aut칩noma regional del quind칤o'),
(20, 'corporaci칩n aut칩noma regional de caldas'),
(21, 'corporaci칩n aut칩noma regional de risaralda'),
(22, 'corporaci칩n aut칩noma regional de sucre'),
(23, 'corporaci칩n aut칩noma regional de atl치ntico'),
(24, 'corporaci칩n aut칩noma regional de vichada'),
(25, 'corporaci칩n aut칩noma regional de guaviare'),
(26, 'corporaci칩n aut칩noma regional de la orinoqu칤a'),
(27, 'corporaci칩n aut칩noma regional de meta'),
(28, 'corporaci칩n aut칩noma regional de norte de santander'),
(29, 'corporaci칩n aut칩noma regional de san andr칠s'),
(30, 'corporaci칩n aut칩noma regional del piedemonte llanero');

-- insercion de departamentos
insert into departamento (id, nombre, id_entidad_responsable) values
(1, 'amazonas', 7),
(2, 'antioquia', 3),
(3, 'arauca', 26),
(4, 'atl치ntico', 23),
(5, 'bol칤var', 9),
(6, 'boyac치', 2), -- Comparte entidad con Cundinamarca
(7, 'caldas', 20),
(8, 'caquet치', 17),
(9, 'casanare', 13),
(10, 'cauca', 11),
(11, 'cesar', 18), 
(12, 'choc칩', 12),
(13, 'c칩rdoba', 22),
(14, 'cundinamarca', 2), 
(15, 'guain칤a', 26),
(16, 'guaviare', 25),
(17, 'huila', 16),
(18, 'la guajira', 6),
(19, 'magdalena', 18),
(20, 'meta', 27),
(21, 'nari침o', 10),
(22, 'norte de santander', 28),
(23, 'putumayo', 17),
(24, 'quind칤o', 19),
(25, 'risaralda', 21),
(26, 'san andr칠s y providencia', 29),
(27, 'santander', 4),
(28, 'sucre', 22),
(29, 'tolima', 15),
(30, 'valle del cauca', 3),
(31, 'vaup칠s', 8),
(32, 'vichada', 24);

-- insercion de parque 
insert into parque (id, nombre, fecha_declaracion) values
(1, 'parque nacional natural tayrona', '1964-04-24'),
(2, 'parque nacional natural los nevados', '1973-07-07'),
(3, 'parque nacional natural el cocuy', '1977-01-18'),
(4, 'parque nacional natural chiribiquete', '1989-09-21'),
(5, 'parque nacional natural amacayacu', '1975-08-06'),
(6, 'parque nacional natural serran칤a de la macarena', '1982-05-28'),
(7, 'parque nacional natural uramba bah칤a m치laga', '2010-08-05'),
(8, 'parque nacional natural sierra nevada de santa marta', '1964-07-30'),
(9, 'parque nacional natural cueva de los gu치charos', '1960-11-25'),
(10, 'parque nacional natural farallones de cali', '1968-07-01'),
(11, 'parque ecol칩gico el p치ramo azul', '1998-05-15'),
(12, 'parque nacional natural orqu칤deas', '1974-09-18'),
(13, 'parque natural ca침칩n del r칤o claro', '1985-03-12'),
(14, 'parque nacional serran칤a de los chachiros', '1992-06-14'),
(15, 'parque natural los lagos del sur', '2005-08-20'),
(16, 'parque nacional natural el tuparro', '1970-04-13'),
(17, 'parque natural cerros de mavecure', '2012-09-10'),
(18, 'parque ecol칩gico los osos andinos', '2015-07-07'),
(19, 'parque nacional natural sanquianga', '1977-05-30'),
(20, 'parque nacional serran칤a de los iguanos', '1990-11-15'),
(21, 'parque natural los manglares del pac칤fico', '2007-03-22'),
(22, 'parque ecol칩gico valle de los c칩ndores', '2013-06-19'),
(23, 'parque nacional natural isla de la corota', '1978-09-18'),
(24, 'parque natural humedales del llanura', '2009-10-30'),
(25, 'parque nacional natural sumapaz', '1977-02-18'),
(26, 'parque natural la laguna de la cochita', '1996-07-12'),
(27, 'parque nacional los frailejones', '1984-11-02'),
(28, 'parque ecol칩gico r칤o arriba', '2011-04-25'),
(29, 'parque natural del salto del duende', '2003-08-07'),
(30, 'parque nacional natural los kat칤os', '1974-08-06'),
(31, 'parque nacional bah칤a de cispata', '2016-12-21'),
(32, 'parque natural los tepuyes del amazonas', '2018-05-14'),
(33, 'parque nacional isla de gorgona', '1985-01-19'),
(34, 'parque natural la sierra encantada', '2001-11-05'),
(35, 'parque ecol칩gico de la serran칤a del perij치', '2009-03-10'),
(36, 'parque natural los pastizales de la sabana', '1993-06-15'),
(37, 'parque nacional la cueva del murci칠lago', '2014-07-08'),
(38, 'parque ecol칩gico del r칤o caquet치', '2008-12-29'),
(39, 'parque nacional natural purac칠', '1961-04-09'),
(40, 'parque natural laguna del ot칰n', '2004-05-23'),
(41, 'parque nacional natural los estoraques', '1998-10-17'),
(42, 'parque natural las quebradas escondidas', '2006-09-12'),
(43, 'parque nacional natural utria', '1987-06-15'),
(44, 'parque ecol칩gico isla del encanto', '2010-07-30'),
(45, 'parque natural los esteros del oriente', '2015-11-11'),
(46, 'parque nacional natural alto fragua', '2000-05-25'),
(47, 'parque natural los cerros m치gicos', '2007-09-05'),
(48, 'parque ecol칩gico la serran칤a del urab치', '2009-10-07'),
(49, 'parque natural las lagunas del p치ramo', '2003-03-29'),
(50, 'parque nacional natural picachos', '2007-02-18');

-- insercion parque departamento

insert into departamento_parque (id_departamento, id_parque) values
(1, 1),  (2, 2),  (3, 3),  (4, 4), (5, 5),
(6, 6),  (7, 7),  (8, 8),  (9, 9),  (10, 10),
(11, 11), (12, 12), (13, 13), (14, 14), (15, 15),
(16, 16), (17, 17), (18, 18), (19, 19), (20, 20),
(21, 21), (22, 22), (23, 23), (24, 24), (25, 25),
(26, 26), (27, 27), (28, 28), (29, 29), (30, 30),
(31, 31), (32, 32),(2, 33), (30, 33), (14, 34), (6, 34),  
(19, 35), (11, 35),(22, 36), (27, 36),(4, 37), (5, 37),   
(8, 38), (16, 38),(21, 39), (10, 39),(23, 40), (17, 40), 
(1, 41), (32, 41),(12, 42), (29, 42),(7, 43),(9, 44),
(15, 45),(18, 46),(20, 47),(24, 48),(28, 49),(30, 50);

-- insercion de areas 

insert into area (id, nombre) values
(1, 'bosque andino'),
(2, 'p치ramo'),
(3, 'selva h칰meda tropical'),
(4, 'manglares y humedales'),
(5, 'sabanas y llanuras'),
(6, 'desiertos y xer칩fitas'),
(7, 'bosque seco tropical'),
(8, 'bosque de niebla'),
(9, 'pantanos y ci칠nagas'),
(10, 'lagunas y humedales altoandinos'),
(11, 'tundra andina'),
(12, 'bosque montano'),
(13, 'pastizales naturales'),
(14, 'sabanas inundables'),
(15, 'costa rocosa y arrecifes'),
(16, 'selva de galer칤a'),
(17, 'bosque ribere침o'),
(18, 'dunas costeras'),
(19, 'cascadas y quebradas'),
(20, 'valle interandino');

 -- insercion parque_area 

insert into parque_area (id_parque, id_area, extension) values
(1, 12, 7183),
(2, 8, 11698),
(2, 9, 6069),
(2, 1, 6371),
(3, 7, 11838),
(3, 6, 6702),
(3, 8, 5276),
(4, 15, 4744),
(5, 4, 900),
(6, 5, 47756),
(6, 7, 9625),
(6, 13, 12110),
(7, 15, 6721),
(7, 3, 46136),
(7, 4, 3670),
(8, 17, 11471),
(8, 9, 1972),
(8, 14, 46395),
(9, 18, 3426),
(10, 4, 903),
(10, 3, 30532),
(10, 7, 6801),
(11, 8, 3547),
(11, 18, 1153),
(11, 7, 13492),
(12, 4, 2490),
(12, 20, 10434),
(13, 8, 8788),
(13, 9, 7344),
(14, 17, 6200),
(14, 7, 5992),
(14, 15, 2551),
(15, 16, 19575),
(16, 19, 2199),
(17, 1, 11793),
(17, 5, 44399),
(18, 9, 3929),
(18, 15, 6525),
(18, 13, 13686),
(19, 16, 19472),
(19, 6, 6007),
(19, 7, 10468),
(20, 11, 2471),
(20, 9, 5415),
(21, 19, 844),
(21, 14, 43805),
(21, 17, 8247),
(22, 7, 11742),
(22, 11, 6199),
(22, 14, 30320),
(23, 15, 2722),
(23, 19, 1591),
(24, 18, 1626),
(25, 16, 11452),
(25, 14, 46128),
(26, 11, 5156),
(27, 2, 4745),
(27, 6, 2948),
(27, 1, 5060),
(28, 3, 49889),
(28, 18, 3203),
(28, 2, 3720),
(29, 3, 12335),
(30, 17, 10930),
(30, 2, 6218),
(30, 18, 1677),
(31, 13, 15657),
(31, 6, 2319),
(31, 19, 1780),
(32, 10, 5473),
(32, 4, 973),
(33, 9, 4201),
(33, 1, 12327),
(34, 12, 7340),
(34, 14, 49026),
(34, 3, 10616),
(35, 10, 1049),
(35, 2, 4542),
(35, 13, 17449),
(36, 7, 10143),
(37, 16, 9806),
(38, 11, 2169),
(38, 3, 44261),
(38, 13, 17884),
(39, 16, 23254),
(39, 9, 7321),
(40, 8, 9445),
(40, 2, 4389),
(40, 9, 1107),
(41, 4, 3683),
(41, 1, 13739),
(42, 8, 3543),
(42, 2, 5543),
(43, 4, 3375),
(43, 13, 17562),
(43, 8, 5331),
(44, 15, 2994),
(44, 18, 1697),
(44, 1, 5259),
(45, 15, 4880),
(45, 11, 7996),
(45, 19, 1828),
(46, 10, 5936),
(46, 3, 11628),
(47, 16, 15365),
(48, 7, 5944),
(49, 7, 10395),
(50, 18, 4378);

-- insercion de especie 
insert into especie (id, nombre_cientifico, nombre_vulgar, tipo) values
-- 游 Especies Vegetales
(1, 'Espeletia grandiflora', 'Frailej칩n', 'vegetal'),
(2, 'Ceroxylon quindiuense', 'Palma de Cera', 'vegetal'),
(3, 'Cedrela odorata', 'Cedro', 'vegetal'),
(4, 'Swietenia macrophylla', 'Caoba', 'vegetal'),
(5, 'Quercus humboldtii', 'Roble', 'vegetal'),
(6, 'Ficus insipida', 'Higuer칩n', 'vegetal'),
(7, 'Podocarpus oleifolius', 'Pino Colombiano', 'vegetal'),
(8, 'Bactris gasipaes', 'Chontaduro', 'vegetal'),
(9, 'Gustavia superba', 'Bollochi', 'vegetal'),
(10, 'Aniba perutilis', 'Comino', 'vegetal'),
(11, 'Virola sebifera', 'Virola', 'vegetal'),
(12, 'Erythrina poeppigiana', 'Palo Bobo', 'vegetal'),
(13, 'Tabebuia rosea', 'Guayac치n Rosado', 'vegetal'),
(14, 'Hymenaea courbaril', 'Jatob치', 'vegetal'),
(15, 'Dipteryx oleifera', 'Almendro', 'vegetal'),
(16, 'Cariniana pyriformis', 'Abarco', 'vegetal'),
(17, 'Tibouchina lepidota', 'Array치n', 'vegetal'),
(18, 'Clusia multiflora', 'Cucharo', 'vegetal'),
(19, 'Handroanthus chrysanthus', 'Guayac치n Amarillo', 'vegetal'),
(20, 'Gustavia augusta', 'Achapo', 'vegetal'),
(21, 'Copaifera officinalis', 'Copaibo', 'vegetal'),
(22, 'Minquartia guianensis', 'Mangle Macho', 'vegetal'),
(23, 'Mauritia flexuosa', 'Moriche', 'vegetal'),
(24, 'Cordia alliodora', 'Nogal Cafetero', 'vegetal'),
(25, 'Licania platypus', 'Oiti', 'vegetal'),
(26, 'Parkia pendula', 'Pauj칤', 'vegetal'),
(27, 'Socratea exorrhiza', 'Palma Caminante', 'vegetal'),
(28, 'Hura crepitans', 'Jobo', 'vegetal'),
(29, 'Ochroma pyramidale', 'Balso', 'vegetal'),
(30, 'Schizolobium parahyba', 'Palo de Boya', 'vegetal'),
(31, 'Panthera onca', 'Jaguar', 'animal'),
(32, 'Tremarctos ornatus', 'Oso de Anteojos', 'animal'),
(33, 'Crax alberti', 'Paujil de Pico Azul', 'animal'),
(34, 'Hydrochoerus hydrochaeris', 'Chig칲iro', 'animal'),
(35, 'Ramphastos ambiguus', 'Tuc치n de Pico Negro', 'animal'),
(36, 'Harpia harpyja', '츼guila Arp칤a', 'animal'),
(37, 'Boa constrictor', 'Boa Constrictora', 'animal'),
(38, 'Caiman crocodilus', 'Babilla', 'animal'),
(39, 'Tapirus terrestris', 'Danta', 'animal'),
(40, 'Ateles belzebuth', 'Mono Ara침a', 'animal'),
(41, 'Puma concolor', 'Puma', 'animal'),
(42, 'Choloepus hoffmanni', 'Perezoso de Dos Dedos', 'animal'),
(43, 'Leopardus pardalis', 'Ocelote', 'animal'),
(44, 'Myrmecophaga tridactyla', 'Oso Hormiguero Gigante', 'animal'),
(45, 'Eunectes murinus', 'Anaconda Verde', 'animal'),
(46, 'Cebus albifrons', 'Mono Capuchino', 'animal'),
(47, 'Tayassu pecari', 'Pecar칤 de Labios Blancos', 'animal'),
(48, 'Saguinus leucopus', 'Tit칤 Gris', 'animal'),
(49, 'Ara macao', 'Guacamaya Roja', 'animal'),
(50, 'Phoenicopterus ruber', 'Flamenco Caribe침o', 'animal'),
(51, 'Turdus ignobilis', 'Mirla Patinaranja', 'animal'),
(52, 'Brachyplatystoma rousseauxii', 'Valent칩n', 'animal'),
(53, 'Chelonia mydas', 'Tortuga Verde', 'animal'),
(54, 'Psittacara wagleri', 'Perico Carisucio', 'animal'),
(55, 'Dendrobates truncatus', 'Rana Venenosa Rayada', 'animal'),
(56, 'Didelphis marsupialis', 'Zarig칲eya Com칰n', 'animal'),
(57, 'Eretmochelys imbricata', 'Tortuga Carey', 'animal'),
(58, 'Nasua nasua', 'Cusumbo', 'animal'),
(59, 'Mazama americana', 'Venado Cola Blanca', 'animal'),
(60, 'Amazona ochrocephala', 'Loro Real', 'animal'),
(61, 'BeAlSiO4(OH)', 'Esmeralda', 'mineral'),
(62, 'SiO2', 'Cuarzo', 'mineral'),
(63, 'CaCO3', 'Calcita', 'mineral'),
(64, 'NaCl', 'Sal Gema', 'mineral'),
(65, 'Fe2O3', 'Hematita', 'mineral'),
(66, 'Mg3Si4O10(OH)2', 'Talco', 'mineral'),
(67, 'Ca5(PO4)3(F,Cl,OH)', 'Apatita', 'mineral'),
(68, 'PbS', 'Galena', 'mineral'),
(69, 'ZnS', 'Blenda', 'mineral'),
(70, 'KAlSi3O8', 'Ortosa', 'mineral'),
(71, 'Al2SiO5', 'Andalucita', 'mineral'),
(72, 'BaSO4', 'Baritina', 'mineral'),
(73, 'MgSiO3', 'Enstatita', 'mineral'),
(74, 'FeTiO3', 'Ilmenita', 'mineral'),
(75, 'Cu2CO3(OH)2', 'Malaquita', 'mineral'),
(76, 'CaSO4췅2H2O', 'Yeso', 'mineral'),
(77, 'FeS2', 'Pirita', 'mineral'),
(78, 'CaCO3', 'Aragonito', 'mineral'),
(79, 'UO2', 'Uraninita', 'mineral'),
(80, 'K2Al2Si6O16', 'Leucita', 'mineral'),
(81, 'NaAlSi3O8', 'Albita', 'mineral'),
(82, 'Al2O3', 'Corind칩n', 'mineral'),
(83, 'CuFeS2', 'Calcopirita', 'mineral'),
(84, 'TiO2', 'Rutilo', 'mineral'),
(85, 'CaMg(CO3)2', 'Dolomita', 'mineral'),
(86, 'FeCr2O4', 'Cromita', 'mineral'),
(87, 'SiC', 'Carburo de Silicio', 'mineral'),
(88, 'Ag2S', 'Argentita', 'mineral'),
(89, 'MgCO3', 'Magnesita', 'mineral'),
(90, 'Be3Al2Si6O18', 'Berilo', 'mineral');

-- insercion de especie_area

insert into especie_area (id_especie, id_area, cantidad) values
(1, 2, 242),
(2, 1, 4258),
(3, 1, 517),
(3, 7, 1866),
(4, 1, 3096),
(4, 12, 2626),
(5, 17, 234),
(6, 3, 1167),
(7, 3, 3533),
(8, 4, 3743),
(9, 4, 2628),
(9, 14, 118),
(10, 7, 4938),
(11, 12, 295),
(12, 4, 1072),
(13, 12, 2405),
(14, 2, 2032),
(15, 12, 4328),
(16, 7, 3645),
(17, 17, 531),
(18, 3, 606),
(19, 3, 147),
(20, 3, 2843),
(21, 12, 4584),
(22, 16, 4430),
(23, 3, 3601),
(24, 7, 235),
(25, 8, 2556),
(26, 7, 522),
(27, 3, 1103),
(27, 5, 3079),
(28, 1, 1315),
(29, 2, 4055),
(29, 11, 4158),
(30, 1, 2615),
(30, 3, 2446),
(31, 3, 115),
(32, 3, 4045),
(32, 17, 1400),
(33, 14, 4524),
(33, 16, 4880),
(34, 4, 247),
(34, 9, 1166),
(35, 5, 4647),
(35, 3, 1014),
(36, 4, 2697),
(37, 1, 738),
(37, 5, 3032),
(38, 8, 29),
(38, 5, 2489),
(39, 3, 4638),
(40, 12, 2363),
(41, 3, 2226),
(42, 15, 1572),
(43, 19, 4974),
(44, 8, 4642),
(45, 17, 1136),
(46, 2, 1930),
(46, 5, 4760),
(47, 12, 198),
(47, 2, 3446),
(48, 2, 2910),
(48, 11, 2058),
(49, 2, 1109),
(50, 3, 4372),
(50, 19, 3527),
(51, 15, 4440),
(52, 15, 114),
(52, 6, 3732),
(53, 6, 1414),
(54, 2, 4063),
(55, 12, 2387),
(56, 6, 1944),
(57, 4, 3973),
(58, 5, 4545),
(59, 12, 2296),
(60, 2, 4983),
(61, 2, 3320),
(68, 1, 743),
(80, 2, 776),
(86, 3, 114),
(73, 4, 4528),
(90, 5, 4968),
(71, 6, 2374),
(82, 7, 1292),
(89, 8, 822),
(87, 9, 1931),
(72, 10, 795),
(79, 11, 4845),
(79, 12, 4752),
(73, 18, 2072),
(74, 20, 718),
(75, 13, 2493),
(76, 14, 3216),
(77, 11, 2696),
(78, 13, 2856),
(79, 3, 4595),
(80, 13, 344),
(81, 8, 2808),
(82, 9, 16),
(83, 3, 2627),
(84, 10, 4789),
(85, 11, 898),
(86, 18, 4730),
(88, 9, 3883),
(89, 19, 256),
(90, 8, 1148),
(83, 17, 4071),
(84, 17, 3801),
(85, 18, 1256),
(86, 8, 2844),
(87, 6, 3136),
(88, 6, 402),
(89, 1, 2127),
(83, 9, 1490),
(84, 3, 2700),
(85, 9, 274),
(86, 19, 1724),
(87, 13, 4679),
(88, 10, 2630),
(89, 3, 2885),
(90, 10, 2100),
(83, 6, 4428),
(84, 20, 1786),
(85, 1, 3157),
(86, 7, 4420),
(87, 7, 3859),
(88, 20, 3374),
(89, 2, 4234),
(90, 20, 1921),
(64, 8, 3568),
(65, 8, 1662),
(66, 17, 1135),
(67, 1, 1861),
(69, 3, 2120),
(70, 3, 4305),
(62, 19, 3571),
(63, 9, 2813);


-- inserciones de empleado
insert into empleado (id, cedula, nombre, direccion, celular, sueldo, tipo) values
(1, 20280641, 'Hern치n L칩pez Rodr칤guez', 'Calle 39 # 99-38, Barrio El Poblado, La Guajira', '3146683196', 2825363, '001'),
(2, 23487225, 'Luisa D칤az Moreno', 'Calle 113 # 2-5, Barrio El Poblado, Cundinamarca', '3863301113', 2583956, '001'),
(3, 41561796, 'Juan R칤os Romero', 'Calle 20 # 56-28, Barrio Bellavista, Valle del Cauca', '3293360801', 2284655, '001'),
(4, 86733744, 'Hern치n Mart칤nez Moreno', 'Calle 130 # 24-31, Barrio Los Alc치zares, Vichada', '3629598968', 2659928, '001'),
(5, 66109446, 'Juan Fern치ndez Fern치ndez', 'Calle 119 # 46-13, Barrio Bellavista, Norte de Santander', '3815291655', 2339599, '001'),
(6, 99184388, 'Juan R칤os Romero', 'Calle 80 # 97-13, Barrio El Poblado, Cesar', '3414879558', 2497015, '001'),
(7, 57639110, 'Miguel D칤az Mart칤nez', 'Calle 27 # 48-45, Barrio Villa Hermosa, Caldas', '3635848318', 2934627, '001'),
(8, 13877436, 'Juan L칩pez D칤az', 'Calle 75 # 37-26, Barrio Chapinero, Vaup칠s', '3711871718', 2949043, '001'),
(9, 89143747, 'Diana L칩pez Mart칤nez', 'Calle 104 # 32-10, Barrio Santa B치rbara, Cesar', '3643548500', 2490727, '001'),
(10, 37873205, 'Luisa Rodr칤guez L칩pez', 'Calle 99 # 17-6, Barrio Los Alc치zares, Guaviare', '3572617548', 2906432, '001'),
(11, 89717563, 'Diana Mart칤nez Romero', 'Calle 95 # 29-14, Barrio Santa B치rbara, La Guajira', '3671686551', 2827015, '001'),
(12, 97284594, 'Andr칠s Garc칤a Rodr칤guez', 'Calle 9 # 55-25, Barrio Ciudad Jard칤n, Cundinamarca', '3262793750', 2576381, '001'),
(13, 27255558, 'Sof칤a L칩pez L칩pez', 'Calle 57 # 8-16, Barrio Chapinero, Atl치ntico', '3297252304', 2465032, '001'),
(14, 41999054, 'Valentina Fern치ndez Fern치ndez', 'Calle 14 # 27-11, Barrio San Fernando, Quind칤o', '3959103983', 2156340, '001'),
(15, 30405467, 'Miguel Romero Mart칤nez', 'Calle 34 # 87-41, Barrio Los Alc치zares, Risaralda', '3669055133', 2045358, '001'),
(16, 89526338, 'Luisa R칤os Moreno', 'Calle 94 # 14-17, Barrio Ciudad Jard칤n, Vaup칠s', '3113789068', 2383396, '001'),
(17, 67683086, 'Mar칤a G칩mez L칩pez', 'Calle 111 # 79-7, Barrio Ciudad Jard칤n, Atl치ntico', '3787591229', 2854243, '001'),
(18, 14677900, 'Jorge Romero D칤az', 'Calle 143 # 46-31, Barrio Bellavista, Caquet치', '3376013792', 2561176, '001'),
(19, 25526679, 'Miguel Rodr칤guez Mart칤nez', 'Calle 53 # 2-37, Barrio Los Alc치zares, Norte de Santander', '3713437290', 2980981, '001'),
(20, 15281521, 'Luis Moreno Rodr칤guez', 'Calle 103 # 66-6, Barrio Ciudad Jard칤n, Quind칤o', '3337876468', 2820698, '001'),
(21, 44414028, 'Daniel G칩mez Garc칤a', 'Calle 114 # 49-6, Barrio El Poblado, Antioquia', '3247103535', 3258146, '002'),
(22, 40856837, 'Mar칤a Garc칤a D칤az', 'Calle 131 # 70-46, Barrio Chapinero, Bol칤var', '3145339910', 2598544, '002'),
(23, 75843614, 'Daniel Mart칤nez Romero', 'Calle 9 # 49-31, Barrio El Poblado, Boyac치', '3963288446', 3124288, '002'),
(24, 48305680, 'Valentina Garc칤a Fern치ndez', 'Calle 148 # 9-49, Barrio La Candelaria, Sucre', '3125048522', 3315711, '002'),
(25, 62927452, 'Mar칤a Rodr칤guez G칩mez', 'Calle 111 # 7-6, Barrio Ciudad Jard칤n, Caldas', '3191731372', 2645168, '002'),
(26, 78380111, 'Mar칤a D칤az Garc칤a', 'Calle 89 # 58-27, Barrio San Fernando, Quind칤o', '3228692925', 2794372, '002'),
(27, 14688214, 'Paula G칩mez Fern치ndez', 'Calle 126 # 78-42, Barrio La Candelaria, Quind칤o', '3625112366', 3442358, '002'),
(28, 51242062, 'Sof칤a L칩pez Garc칤a', 'Calle 128 # 83-33, Barrio El Poblado, Cesar', '3458766530', 2653947, '002'),
(29, 66041112, 'Paula Fern치ndez Rodr칤guez', 'Calle 110 # 88-16, Barrio El Recreo, Choc칩', '3592330456', 2944110, '002'),
(30, 28677736, 'Carolina Mart칤nez Mart칤nez', 'Calle 49 # 67-31, Barrio La Candelaria, Cesar', '3742048076', 2682296, '002'),
(31, 36406547, 'Daniel Mart칤nez Mart칤nez', 'Calle 77 # 65-3, Barrio Ciudad Jard칤n, Sucre', '3268884356', 2969168, '002'),
(32, 15562369, 'Andr칠s Mart칤nez Moreno', 'Calle 12 # 80-43, Barrio El Poblado, Quind칤o', '3237411918', 2791611, '002'),
(33, 18377649, 'Fernando D칤az Fern치ndez', 'Calle 34 # 87-43, Barrio Ciudad Jard칤n, Caquet치', '3397434822', 2611800, '002'),
(34, 67165151, 'Jorge L칩pez Garc칤a', 'Calle 53 # 94-1, Barrio Villa Hermosa, C칩rdoba', '3157585773', 3108658, '002'),
(35, 97773076, 'Isabel Moreno D칤az', 'Calle 54 # 82-18, Barrio El Poblado, Guain칤a', '3537502643', 3151411, '002'),
(36, 94389733, 'Isabel D칤az Mart칤nez', 'Calle 134 # 71-21, Barrio El Recreo, La Guajira', '3215677833', 3476561, '002'),
(37, 99414114, 'Luisa Mart칤nez Mart칤nez', 'Calle 88 # 80-48, Barrio Los Alc치zares, Meta', '3455431462', 3348673, '002'),
(38, 34399948, 'Andr칠s Rodr칤guez Fern치ndez', 'Calle 62 # 9-11, Barrio El Recreo, Choc칩', '3602637390', 3215628, '002'),
(39, 31491483, 'Valentina Fern치ndez Moreno', 'Calle 105 # 18-18, Barrio Los Alc치zares, Santander', '3863113063', 2587923, '002'),
(40, 47948819, 'Paula Rodr칤guez Garc칤a', 'Calle 89 # 21-21, Barrio Santa B치rbara, Cundinamarca', '3749399913', 2826085, '002'),
(41, 77135622, 'Luis Mart칤nez L칩pez', 'Calle 34 # 88-19, Barrio El Recreo, C칩rdoba', '3598382628', 3151617, '002'),
(42, 90052946, 'Camilo Garc칤a R칤os', 'Calle 29 # 31-49, Barrio Ciudad Jard칤n, Meta', '3194734709', 2889853, '002'),
(43, 40919915, 'Miguel Romero Romero', 'Calle 15 # 66-42, Barrio San Fernando, Meta', '3803929108', 2788164, '002'),
(44, 36358113, 'Carolina Mart칤nez D칤az', 'Calle 71 # 31-22, Barrio Ciudad Jard칤n, Cauca', '3118226379', 2786109, '002'),
(45, 91047335, 'Jorge Romero Romero', 'Calle 19 # 30-47, Barrio El Poblado, Magdalena', '3272028790', 3310891, '002'),
(46, 77958943, 'Carlos Garc칤a Moreno', 'Calle 75 # 29-24, Barrio Ciudad Jard칤n, Guain칤a', '3497368634', 3181733, '002'),
(47, 13691105, 'Valentina R칤os Romero', 'Calle 94 # 66-35, Barrio San Fernando, Cundinamarca', '3454966959', 2827950, '002'),
(48, 63730316, 'Daniel Moreno D칤az', 'Calle 5 # 96-7, Barrio Chapinero, Amazonas', '3936314586', 3036940, '002'),
(49, 65008681, 'Carolina Fern치ndez Garc칤a', 'Calle 46 # 8-45, Barrio Chapinero, Boyac치', '3726481264', 2911329, '002'),
(50, 42196730, 'Mar칤a L칩pez Fern치ndez', 'Calle 46 # 90-45, Barrio Ciudad Jard칤n, Choc칩', '3367749454', 2789979, '002'),
(51, 73419342, 'Luisa Mart칤nez Fern치ndez', 'Calle 70 # 85-49, Barrio Bellavista, Cesar', '3611128517', 2950891, '002'),
(52, 31762110, 'Paula Fern치ndez L칩pez', 'Calle 8 # 12-36, Barrio Santa B치rbara, San Andr칠s', '3451347140', 2922252, '002'),
(53, 36138038, 'Sof칤a R칤os Romero', 'Calle 105 # 2-42, Barrio Los Alc치zares, Norte de Santander', '3536668374', 2526918, '002'),
(54, 95675733, 'Fernando L칩pez Rodr칤guez', 'Calle 85 # 19-10, Barrio La Candelaria, Bol칤var', '3858310981', 2818545, '002'),
(55, 12381128, 'Andr칠s L칩pez D칤az', 'Calle 1 # 20-27, Barrio San Fernando, Quind칤o', '3872684145', 2563734, '002'),
(56, 45168849, 'Carolina Moreno Moreno', 'Calle 116 # 62-21, Barrio Santa B치rbara, Bol칤var', '3847896861', 2636753, '002'),
(57, 42318754, 'Gabriela Garc칤a D칤az', 'Calle 93 # 99-38, Barrio El Recreo, Arauca', '3876487513', 2551993, '002'),
(58, 90341677, 'Carlos Moreno L칩pez', 'Calle 27 # 30-11, Barrio El Poblado, Vichada', '3315308078', 3438988, '002'),
(59, 95742973, 'Mar칤a Garc칤a R칤os', 'Calle 43 # 28-31, Barrio Ciudad Jard칤n, Caquet치', '3529570819', 3100856, '002'),
(60, 30876105, 'Isabel Rodr칤guez L칩pez', 'Calle 87 # 91-22, Barrio San Fernando, Caquet치', '3181986035', 2828843, '002'),
(61, 87821247, 'Mar칤a R칤os Moreno', 'Calle 97 # 69-2, Barrio Bellavista, Amazonas', '3451045231', 2639338, '003'),
(62, 67884143, 'Isabel L칩pez Mart칤nez', 'Calle 73 # 80-6, Barrio Ciudad Jard칤n, C칩rdoba', '3297917483', 2571506, '003'),
(63, 79801381, 'Luisa Rodr칤guez Romero', 'Calle 123 # 80-30, Barrio Ciudad Jard칤n, C칩rdoba', '3172141915', 2355051, '003'),
(64, 58858200, 'Luisa Fern치ndez R칤os', 'Calle 122 # 74-29, Barrio El Poblado, C칩rdoba', '3985846374', 2775282, '003'),
(65, 32325120, 'Ana R칤os Garc칤a', 'Calle 113 # 3-28, Barrio La Candelaria, Antioquia', '3947117411', 3043044, '003'),
(66, 61803816, 'Carlos Romero Romero', 'Calle 140 # 18-47, Barrio El Poblado, La Guajira', '3517196867', 2595983, '003'),
(67, 26947488, 'Paula Rodr칤guez Romero', 'Calle 24 # 38-36, Barrio El Poblado, Huila', '3835755150', 3185544, '003'),
(68, 24117195, 'Mar칤a Fern치ndez R칤os', 'Calle 128 # 88-17, Barrio Ciudad Jard칤n, Santander', '3184668656', 2720831, '003'),
(69, 73295356, 'Carolina R칤os Fern치ndez', 'Calle 50 # 66-45, Barrio El Poblado, Tolima', '3727913573', 3081185, '003'),
(70, 49667399, 'Luis Fern치ndez Garc칤a', 'Calle 40 # 18-8, Barrio Villa Hermosa, Tolima', '3808839296', 2332300, '003'),
(71, 69508852, 'Ana L칩pez Mart칤nez', 'Calle 120 # 73-49, Barrio San Fernando, La Guajira', '3326826888', 2328933, '003'),
(72, 87640935, 'Camilo Romero Mart칤nez', 'Calle 141 # 68-24, Barrio Villa Hermosa, Guain칤a', '3757249865', 2478707, '003'),
(73, 80567116, 'Jorge Moreno Mart칤nez', 'Calle 53 # 99-2, Barrio Chapinero, Quind칤o', '3949307424', 2692965, '003'),
(74, 79636308, 'Camilo Romero Garc칤a', 'Calle 30 # 94-30, Barrio Santa B치rbara, Tolima', '3534565727', 3199146, '003'),
(75, 72339715, 'Isabel L칩pez R칤os', 'Calle 8 # 55-49, Barrio El Recreo, San Andr칠s', '3971433790', 2704693, '003'),
(76, 35346670, 'Daniel R칤os L칩pez', 'Calle 36 # 80-27, Barrio Bellavista, Amazonas', '3859711005', 2699530, '003'),
(77, 38085373, 'Gabriela D칤az G칩mez', 'Calle 28 # 35-3, Barrio Los Alc치zares, Cauca', '3852729513', 2361980, '003'),
(78, 31373967, 'Miguel Moreno Garc칤a', 'Calle 79 # 88-21, Barrio Los Alc치zares, Boyac치', '3287710177', 2291518, '003'),
(79, 73328304, 'Carlos Moreno R칤os', 'Calle 39 # 27-31, Barrio San Fernando, Cesar', '3318863552', 2353893, '003'),
(80, 69923936, 'Valentina Moreno Garc칤a', 'Calle 96 # 63-1, Barrio Chapinero, Norte de Santander', '3928826158', 2636415, '003'),
(81, 73734789, 'Camilo R칤os Rodr칤guez', 'Calle 96 # 80-43, Barrio Chapinero, Sucre', '3996332593', 2762409, '003'),
(82, 99955231, 'Carolina Garc칤a D칤az', 'Calle 111 # 70-15, Barrio Ciudad Jard칤n, Vichada', '3571401406', 2230860, '003'),
(83, 89040230, 'Isabel Moreno Mart칤nez', 'Calle 98 # 35-14, Barrio La Candelaria, C칩rdoba', '3453592401', 2659269, '003'),
(84, 16877484, 'Ana D칤az R칤os', 'Calle 140 # 13-44, Barrio El Poblado, San Andr칠s', '3939677117', 2569240, '003'),
(85, 37933002, 'Daniel Garc칤a Romero', 'Calle 68 # 44-7, Barrio Villa Hermosa, Sucre', '3353335713', 2239318, '003'),
(86, 41685849, 'Diana Mart칤nez G칩mez', 'Calle 72 # 27-12, Barrio Chapinero, Amazonas', '3304690657', 2741195, '003'),
(87, 60583803, 'Diana R칤os L칩pez', 'Calle 150 # 33-25, Barrio Bellavista, Magdalena', '3191084550', 2867417, '003'),
(88, 17035780, 'Fernando Moreno L칩pez', 'Calle 19 # 51-4, Barrio El Recreo, Magdalena', '3113349001', 2302497, '003'),
(89, 29177125, 'Camilo G칩mez Romero', 'Calle 69 # 67-30, Barrio El Poblado, Atl치ntico', '3226021545', 2614350, '003'),
(90, 66997522, 'Luis L칩pez G칩mez', 'Calle 42 # 22-50, Barrio Villa Hermosa, Tolima', '3757250179', 2864788, '003'),
(91, 34816819, 'Andr칠s Moreno Mart칤nez', 'Calle 117 # 47-44, Barrio Chapinero, Boyac치', '3178445547', 4432443, '004'),
(92, 39430017, 'Valentina R칤os L칩pez', 'Calle 143 # 55-42, Barrio Villa Hermosa, C칩rdoba', '3716874993', 4996240, '004'),
(93, 11298256, 'Hern치n Mart칤nez G칩mez', 'Calle 67 # 79-23, Barrio Chapinero, Meta', '3312217357', 5157973, '004'),
(94, 45493233, 'Carolina Mart칤nez Rodr칤guez', 'Calle 132 # 63-3, Barrio El Poblado, Nari침o', '3677229665', 4102444, '004'),
(95, 53588067, 'Sof칤a Mart칤nez Garc칤a', 'Calle 105 # 35-32, Barrio Chapinero, Tolima', '3258811390', 4243412, '004'),
(96, 67661406, 'Valentina D칤az Moreno', 'Calle 137 # 96-50, Barrio La Candelaria, Nari침o', '3823027616', 4379404, '004'),
(97, 24487284, 'Fernando Rodr칤guez Moreno', 'Calle 90 # 23-2, Barrio San Fernando, Santander', '3232058657', 3829028, '004'),
(98, 42378685, 'Ana D칤az Mart칤nez', 'Calle 80 # 39-5, Barrio Santa B치rbara, Choc칩', '3277000083', 5101765, '004'),
(99, 56672429, 'Carlos R칤os Romero', 'Calle 67 # 42-28, Barrio Chapinero, Guain칤a', '3845779623', 5441333, '004'),
(100, 96111256, 'Ana L칩pez G칩mez', 'Calle 126 # 34-30, Barrio Ciudad Jard칤n, Magdalena', '3326655326', 4220207, '004');
(101, 63154663, 'Carlos D칤az Moreno', 'Calle 135 # 75-5, Barrio Santa B치rbara, Guaviare', '3385788489', 5482202, '004'),
(102, 23570002, 'Ana D칤az D칤az', 'Calle 23 # 11-12, Barrio La Candelaria, Caquet치', '3774159197', 5379211, '004'),
(103, 95341734, 'Andr칠s R칤os G칩mez', 'Calle 69 # 39-17, Barrio Los Alc치zares, San Andr칠s', '3889412150', 5359001, '004'),
(104, 20881314, 'Camilo L칩pez Garc칤a', 'Calle 88 # 90-46, Barrio Ciudad Jard칤n, Bol칤var', '3968761239', 4413764, '004'),
(105, 73437566, 'Ana G칩mez L칩pez', 'Calle 72 # 69-36, Barrio El Poblado, Cesar', '3762375649', 4708436, '004'),
(106, 25222277, 'Diana R칤os D칤az', 'Calle 24 # 78-47, Barrio San Fernando, Cundinamarca', '3524540583', 4688844, '004'),
(107, 15179370, 'Carlos L칩pez D칤az', 'Calle 50 # 8-12, Barrio Santa B치rbara, Risaralda', '3568163201', 3538534, '004'),
(108, 89394471, 'Isabel Mart칤nez G칩mez', 'Calle 9 # 27-6, Barrio Villa Hermosa, Vaup칠s', '3466687392', 4162222, '004'),
(109, 51275015, 'Ana Mart칤nez R칤os', 'Calle 47 # 16-5, Barrio La Candelaria, Boyac치', '3344210703', 4555158, '004'),
(110, 93407572, 'Fernando D칤az Romero', 'Calle 118 # 37-42, Barrio San Fernando, Guaviare', '3204526757', 4662621, '004'),
(111, 74257275, 'Fernando Mart칤nez Fern치ndez', 'Calle 136 # 2-4, Barrio Villa Hermosa, Caldas', '3461613010', 3994561, '004'),
(112, 72718576, 'Ana Mart칤nez R칤os', 'Calle 32 # 40-12, Barrio Santa B치rbara, Antioquia', '3613973243', 5277911, '004'),
(113, 86188923, 'Isabel L칩pez L칩pez', 'Calle 42 # 60-18, Barrio Villa Hermosa, Putumayo', '3855549732', 4623008, '004'),
(114, 37801043, 'Andr칠s D칤az R칤os', 'Calle 132 # 40-25, Barrio San Fernando, Nari침o', '3951532068', 5213383, '004'),
(115, 98115475, 'Fernando Garc칤a G칩mez', 'Calle 75 # 70-31, Barrio Los Alc치zares, Norte de Santander', '3286401312', 3937344, '004'),
(116, 25521340, 'Carolina Fern치ndez R칤os', 'Calle 61 # 42-43, Barrio El Poblado, Caquet치', '3997855112', 4550799, '004'),
(117, 96111840, 'Carolina Fern치ndez R칤os', 'Calle 34 # 51-44, Barrio Villa Hermosa, Sucre', '3613594674', 3526994, '004'),
(118, 60024419, 'Isabel Rodr칤guez Mart칤nez', 'Calle 105 # 12-19, Barrio Los Alc치zares, Sucre', '3657194471', 4166623, '004'),
(119, 73175660, 'Sof칤a D칤az Mart칤nez', 'Calle 112 # 90-35, Barrio El Poblado, Tolima', '3431263849', 4983424, '004'),
(120, 86822078, 'Jorge L칩pez D칤az', 'Calle 116 # 64-39, Barrio Santa B치rbara, Magdalena', '3498623258', 3700998, '004'),
(121, 72907302, 'Gabriela Garc칤a D칤az', 'Calle 63 # 80-15, Barrio Villa Hermosa, Cauca', '3255027676', 4140209, '004'),
(122, 98416384, 'Camilo L칩pez G칩mez', 'Calle 133 # 97-2, Barrio San Fernando, Nari침o', '3844376146', 3708643, '004'),
(123, 36481351, 'Camilo Fern치ndez L칩pez', 'Calle 109 # 87-13, Barrio Ciudad Jard칤n, Vaup칠s', '3303193386', 3525630, '004'),
(124, 77283186, 'Isabel L칩pez Romero', 'Calle 67 # 50-16, Barrio San Fernando, Caldas', '3766823752', 4374845, '004'),
(125, 87328367, 'Hern치n Garc칤a Garc칤a', 'Calle 107 # 12-46, Barrio La Candelaria, Cundinamarca', '3402581965', 3899069, '004'),
(126, 33485003, 'Carlos Rodr칤guez Fern치ndez', 'Calle 145 # 84-21, Barrio San Fernando, Atl치ntico', '3351591313', 3818217, '004'),
(127, 19303308, 'Jorge D칤az L칩pez', 'Calle 83 # 80-26, Barrio El Recreo, Guaviare', '3346093995', 4382146, '004'),
(128, 87732119, 'Ana R칤os G칩mez', 'Calle 128 # 6-6, Barrio Los Alc치zares, Antioquia', '3141856309', 5435727, '004'),
(129, 56901343, 'Camilo Mart칤nez Fern치ndez', 'Calle 99 # 87-21, Barrio Bellavista, Amazonas', '3991413733', 4346478, '004'),
(130, 28142941, 'Camilo D칤az Garc칤a', 'Calle 7 # 78-1, Barrio Bellavista, Guain칤a', '3528832168', 4201192, '004'),
(131, 70921653, 'Jorge R칤os L칩pez', 'Calle 99 # 92-35, Barrio San Fernando, Santander', '3137443251', 5288365, '004'),
(132, 22179871, 'Luisa G칩mez R칤os', 'Calle 97 # 46-3, Barrio Los Alc치zares, Quind칤o', '3499047077', 3659087, '004'),
(133, 64440297, 'Carolina L칩pez Fern치ndez', 'Calle 32 # 37-30, Barrio El Recreo, Meta', '3133648611', 5010878, '004'),
(134, 69835618, 'Diana Garc칤a Mart칤nez', 'Calle 2 # 15-25, Barrio Chapinero, Arauca', '3739929121', 4522684, '004'),
(135, 81808020, 'Luis Mart칤nez Rodr칤guez', 'Calle 65 # 98-23, Barrio La Candelaria, Cundinamarca', '3297355148', 3776905, '004'),
(136, 14602667, 'Hern치n Romero G칩mez', 'Calle 109 # 47-16, Barrio San Fernando, Nari침o', '3581798798', 4716036, '004'),
(137, 52573746, 'Luisa Romero L칩pez', 'Calle 11 # 24-50, Barrio Villa Hermosa, Antioquia', '3417041899', 4388136, '004'),
(138, 70613184, 'Gabriela D칤az D칤az', 'Calle 16 # 20-4, Barrio Chapinero, Nari침o', '3191298941', 4753673, '004'),
(139, 23455123, 'Luisa Rodr칤guez Moreno', 'Calle 3 # 71-37, Barrio Villa Hermosa, Guaviare', '3115528966', 4556001, '004');


-- insercion de proyectos de investigacion
insert into proyecto_investigacion (id, nombre, presupuesto, fecha_inicio, fecha_fin, descripcion) values
(1, 'Monitoreo de Fauna en el Amazonas', 456571675, '2020-12-07', '2022-03-15', 'Estudio continuo sobre la biodiversidad y comportamiento de especies en la selva amaz칩nica.'),
(2, 'Conservaci칩n del Jaguar en Colombia', 200362266, '2021-11-08', '2026-05-28', 'Investigaci칩n sobre las poblaciones de jaguares y estrategias para su conservaci칩n.'),
(3, 'Reforestaci칩n de Bosques Andinos', 149428054, '2021-12-18', '2023-11-13', 'Proyecto de restauraci칩n ecol칩gica mediante la siembra de 치rboles nativos en los Andes.'),
(4, 'Estudio de la Biodiversidad en los P치ramos', 106175425, '2018-01-17', '2022-06-04', 'An치lisis de especies vegetales y animales en los p치ramos colombianos.'),
(5, 'Impacto del Cambio Clim치tico en la Selva H칰meda', 189976106, '2018-08-22', '2022-06-13', 'Investigaci칩n sobre los efectos del calentamiento global en los ecosistemas h칰medos.'),
(6, 'Restauraci칩n de Manglares y Humedales', 64746534, '2019-03-17', '2021-03-29', 'Evaluaci칩n y acciones para recuperar manglares afectados por la deforestaci칩n.'),
(7, 'Protecci칩n de Tortugas Marinas en el Caribe', 130586490, '2019-01-29', '2021-12-07', 'Monitoreo de la anidaci칩n y protecci칩n de tortugas marinas en las costas colombianas.'),
(8, 'Investigaci칩n sobre el C칩ndor Andino', 44984655, '2019-05-30', '2020-06-26', 'Estudio del estado de las poblaciones de c칩ndores y su impacto en el ecosistema.'),
(9, 'Recuperaci칩n de Especies Amenazadas', 54394530, '2022-04-10', '2025-07-04', 'Proyecto enfocado en la protecci칩n de especies en peligro de extinci칩n en Colombia.'),
(10, 'Estudio de la Contaminaci칩n en R칤os Andinos', 36885341, '2021-02-18', '2022-02-28', 'Investigaci칩n sobre los niveles de contaminaci칩n y sus efectos en la vida acu치tica.'),
(11, 'Reproducci칩n y H치bitat del Oso de Anteojos', 25029761, '2018-11-25', '2023-07-11', 'An치lisis de los h치bitos reproductivos y conservaci칩n del oso andino.'),
(12, 'Diversidad de Peces en los R칤os Amaz칩nicos', 52829052, '2019-04-04', '2020-09-27', 'Exploraci칩n de especies acu치ticas en la cuenca del Amazonas.'),
(13, 'Seguimiento de Especies Migratorias', 81810427, '2020-04-07', '2021-12-26', 'Registro de rutas migratorias de aves y mam칤feros en Colombia.'),
(14, 'Evaluaci칩n de la Calidad del Suelo en el Choc칩', 29888407, '2021-04-03', '2023-06-22', 'An치lisis de la composici칩n y fertilidad del suelo en zonas tropicales.'),
(15, 'Proyecto Piloto de Agroforester칤a', 35946547, '2022-02-21', '2023-08-18', 'Prueba de sistemas agr칤colas sostenibles que combinan 치rboles y cultivos.'),
(16, 'Impacto del Ecoturismo en los Ecosistemas', 127100548, '2020-10-10', '2025-01-31', 'Evaluaci칩n de los beneficios y desaf칤os del ecoturismo en 치reas protegidas.'),
(17, 'Estudio sobre la Tala Ilegal en el Orinoco', 130562414, '2020-04-02', '2024-06-21', 'Investigaci칩n sobre la deforestaci칩n en la regi칩n del Orinoco.'),
(18, 'Investigaci칩n sobre la Desforestaci칩n en la Macarena', 497905358, '2021-12-31', '2023-06-01', 'Monitoreo del impacto de la deforestaci칩n en la biodiversidad de La Macarena.'),
(19, 'Observaci칩n de Anfibios en el Pac칤fico', 23452405, '2020-06-17', '2023-05-02', 'Estudio de la diversidad y estado de conservaci칩n de anfibios en bosques tropicales.'),
(20, 'Exploraci칩n Geol칩gica de Minerales en la Guajira', 479897622, '2021-09-25', '2025-08-28', 'An치lisis de la riqueza mineral y su impacto en el medio ambiente en La Guajira.');

-- insercion de investigador proyecto

insert into investigador_proyecto (id_proyecto, id_empleado) values
(18, 133),
(7, 139),
(1, 92),
(1, 101),
(3, 138),
(7, 96),
(5, 92),
(17, 94),
(17, 91),
(9, 93),
(1, 91),
(11, 99),
(4, 121),
(10, 100),
(12, 137),
(16, 95),
(6, 96),
(2, 111),
(5, 134),
(4, 136),
(14, 137),
(17, 133),
(9, 132),
(2, 135),
(3, 121),
(2, 101),
(12, 139),
(15, 95),
(16, 97),
(18, 94),
(18, 97),
(3, 136),
(18, 100),
(6, 98),
(8, 132),
(9, 131),
(12, 99),
(8, 138),
(10, 135),
(13, 134),
(4, 98),
(13, 131),
(5, 93);

insert into vehiculo (id, tipo, marca, id_empleado) values
(1, 'Motocicleta', 'Honda', 21),
(2, 'Camioneta 4x4', 'Toyota', 22),
(3, 'Cuatrimoto', 'BRP', 23),
(4, 'Dron', 'DJI', 23),
(5, 'Lancha', 'Yamaha', 24),
(6, 'Cuatrimoto', 'BRP', 24),
(7, 'Motocicleta', 'Honda', 25),
(8, 'Dron', 'DJI', 25),
(9, 'Cuatrimoto', 'BRP', 26),
(10, 'Lancha', 'Yamaha', 26),
(11, 'Motocicleta', 'Honda', 27),
(12, 'Dron', 'DJI', 27),
(13, 'Motocicleta', 'Honda', 28),
(14, 'Camioneta 4x4', 'Toyota', 28),
(15, 'Lancha', 'Yamaha', 29),
(16, 'Dron', 'DJI', 30),
(17, 'Motocicleta', 'Honda', 30),
(18, 'Cuatrimoto', 'BRP', 31),
(19, 'Motocicleta', 'Honda', 31),
(20, 'Lancha', 'Yamaha', 32),
(21, 'Cuatrimoto', 'BRP', 32),
(22, 'Camioneta 4x4', 'Toyota', 33),
(23, 'Motocicleta', 'Honda', 33),
(24, 'Dron', 'DJI', 34),
(25, 'Lancha', 'Yamaha', 34),
(26, 'Camioneta 4x4', 'Toyota', 35),
(27, 'Cuatrimoto', 'BRP', 35),
(28, 'Dron', 'DJI', 36),
(29, 'Motocicleta', 'Honda', 36),
(30, 'Lancha', 'Yamaha', 37),
(31, 'Motocicleta', 'Honda', 37),
(32, 'Dron', 'DJI', 38),
(33, 'Cuatrimoto', 'BRP', 38),
(34, 'Camioneta 4x4', 'Toyota', 39),
(35, 'Lancha', 'Yamaha', 40),
(36, 'Dron', 'DJI', 40),
(37, 'Motocicleta', 'Honda', 41),
(38, 'Camioneta 4x4', 'Toyota', 41),
(39, 'Cuatrimoto', 'BRP', 42),
(40, 'Lancha', 'Yamaha', 42),
(41, 'Motocicleta', 'Honda', 43),
(42, 'Cuatrimoto', 'BRP', 44),
(43, 'Motocicleta', 'Honda', 44),
(44, 'Dron', 'DJI', 45),
(45, 'Lancha', 'Yamaha', 45),
(46, 'Camioneta 4x4', 'Toyota', 46),
(47, 'Motocicleta', 'Honda', 46),
(48, 'Dron', 'DJI', 47),
(49, 'Motocicleta', 'Honda', 47),
(50, 'Lancha', 'Yamaha', 48),
(51, 'Cuatrimoto', 'BRP', 49),
(52, 'Dron', 'DJI', 49),
(53, 'Motocicleta', 'Honda', 50),
(54, 'Cuatrimoto', 'BRP', 51),
(55, 'Lancha', 'Yamaha', 52),
(56, 'Dron', 'DJI', 53),
(57, 'Cuatrimoto', 'BRP', 53),
(58, 'Camioneta 4x4', 'Toyota', 54),
(59, 'Motocicleta', 'Honda', 54),
(60, 'Lancha', 'Yamaha', 55),
(61, 'Motocicleta', 'Honda', 56),
(62, 'Camioneta 4x4', 'Toyota', 56),
(63, 'Cuatrimoto', 'BRP', 57),
(64, 'Dron', 'DJI', 57),
(65, 'Lancha', 'Yamaha', 58),
(66, 'Cuatrimoto', 'BRP', 58),
(67, 'Motocicleta', 'Honda', 59),
(68, 'Dron', 'DJI', 60);



-- inserciones de visitantes 

insert into visitantes (id, cedula, nombre, direccion, profesion) values
(1, 89977866, 'Luis L칩pez Fern치ndez', 'Calle 51 # 87-39, Barrio La Candelaria, Casanare', 'Turista'),
(2, 50168022, 'Juan Rodr칤guez R칤os', 'Calle 20 # 77-34, Barrio El Recreo, Sucre', 'Ecologista'),
(3, 65920913, 'Fernando Rodr칤guez G칩mez', 'Calle 126 # 69-48, Barrio Villa Hermosa, Vaup칠s', 'Investigador'),
(4, 62617688, 'Hern치n Romero R칤os', 'Calle 144 # 38-17, Barrio Chapinero, Atl치ntico', 'Fot칩grafo'),
(5, 77834308, 'Gabriela Garc칤a Mart칤nez', 'Calle 49 # 10-49, Barrio Ciudad Jard칤n, Caldas', 'Turista'),
(6, 68364264, 'Paula Mart칤nez G칩mez', 'Calle 128 # 6-36, Barrio Los Alc치zares, Valle del Cauca', 'Ecologista'),
(7, 49890376, 'Hern치n Romero Fern치ndez', 'Calle 10 # 74-41, Barrio Chapinero, Arauca', 'Bi칩logo'),
(8, 49307353, 'Jorge D칤az D칤az', 'Calle 60 # 65-37, Barrio Los Alc치zares, Guain칤a', 'Ecologista'),
(9, 80746206, 'Gabriela Garc칤a L칩pez', 'Calle 99 # 42-25, Barrio Ciudad Jard칤n, Cundinamarca', 'Ecologista'),
(10, 25347113, 'Diana Rodr칤guez R칤os', 'Calle 50 # 56-18, Barrio Bellavista, Arauca', 'Fot칩grafo'),
(11, 72518279, 'Mar칤a Moreno Rodr칤guez', 'Calle 46 # 26-41, Barrio Villa Hermosa, Caquet치', 'Fot칩grafo'),
(12, 79423291, 'Gabriela R칤os Romero', 'Calle 148 # 91-13, Barrio Chapinero, Bol칤var', 'Estudiante'),
(13, 46774973, 'Carlos Fern치ndez Fern치ndez', 'Calle 50 # 14-3, Barrio Los Alc치zares, Cesar', 'Fot칩grafo'),
(14, 76149195, 'Mar칤a D칤az Rodr칤guez', 'Calle 74 # 15-35, Barrio Villa Hermosa, Quind칤o', 'Bi칩logo'),
(15, 47749371, 'Carolina Moreno Mart칤nez', 'Calle 83 # 1-50, Barrio San Fernando, Cundinamarca', 'Ecologista'),
(16, 96219166, 'Isabel Fern치ndez G칩mez', 'Calle 131 # 9-31, Barrio El Poblado, Vaup칠s', 'Turista'),
(17, 98724487, 'Luisa Fern치ndez Romero', 'Calle 19 # 15-22, Barrio La Candelaria, La Guajira', 'Fot칩grafo'),
(18, 34714629, 'Luis D칤az Moreno', 'Calle 101 # 15-17, Barrio El Recreo, La Guajira', 'Ecologista'),
(19, 88151412, 'Camilo G칩mez Moreno', 'Calle 108 # 73-23, Barrio San Fernando, Santander', 'Bi칩logo'),
(20, 76167123, 'Andr칠s Mart칤nez R칤os', 'Calle 144 # 21-30, Barrio Chapinero, Putumayo', 'Turista'),
(21, 63424265, 'Jorge Mart칤nez Moreno', 'Calle 121 # 48-5, Barrio Villa Hermosa, Valle del Cauca', 'Estudiante'),
(22, 80867345, 'Diana Mart칤nez Fern치ndez', 'Calle 124 # 69-4, Barrio Ciudad Jard칤n, Quind칤o', 'Fot칩grafo'),
(23, 49849320, 'Mar칤a Rodr칤guez R칤os', 'Calle 61 # 46-45, Barrio La Candelaria, Cauca', 'Investigador'),
(24, 94866066, 'Mar칤a G칩mez L칩pez', 'Calle 140 # 71-28, Barrio La Candelaria, Bol칤var', 'Ecologista'),
(25, 42382803, 'Sof칤a Romero Fern치ndez', 'Calle 66 # 33-49, Barrio Santa B치rbara, Santander', 'Ecologista'),
(26, 79626001, 'Valentina Rodr칤guez Garc칤a', 'Calle 63 # 95-42, Barrio Villa Hermosa, Nari침o', 'Turista'),
(27, 64329184, 'Hern치n L칩pez Romero', 'Calle 66 # 10-29, Barrio Santa B치rbara, Choc칩', 'Turista'),
(28, 16040925, 'Fernando Fern치ndez D칤az', 'Calle 129 # 93-28, Barrio La Candelaria, Casanare', 'Investigador'),
(29, 33147185, 'Andr칠s G칩mez Romero', 'Calle 10 # 53-34, Barrio Santa B치rbara, Quind칤o', 'Investigador'),
(30, 87402198, 'Ana Mart칤nez Mart칤nez', 'Calle 111 # 95-33, Barrio San Fernando, Casanare', 'Turista'),
(31, 22966681, 'Camilo Moreno D칤az', 'Calle 68 # 86-50, Barrio Ciudad Jard칤n, Tolima', 'Bi칩logo'),
(32, 97894281, 'Luis Moreno G칩mez', 'Calle 87 # 42-8, Barrio Los Alc치zares, Quind칤o', 'Turista'),
(33, 81096834, 'Sof칤a D칤az Moreno', 'Calle 109 # 68-23, Barrio El Poblado, Choc칩', 'Investigador'),
(34, 30016514, 'Luis Romero L칩pez', 'Calle 2 # 22-39, Barrio Ciudad Jard칤n, Santander', 'Fot칩grafo'),
(35, 31444168, 'Paula R칤os L칩pez', 'Calle 27 # 31-38, Barrio Chapinero, La Guajira', 'Bi칩logo'),
(36, 61944639, 'Sof칤a D칤az Fern치ndez', 'Calle 111 # 55-22, Barrio Chapinero, Quind칤o', 'Investigador'),
(37, 86152845, 'Paula Garc칤a L칩pez', 'Calle 10 # 11-8, Barrio Villa Hermosa, San Andr칠s', 'Turista'),
(38, 33548686, 'Gabriela G칩mez Mart칤nez', 'Calle 102 # 16-11, Barrio El Poblado, Meta', 'Investigador'),
(39, 83329877, 'Luis Mart칤nez Moreno', 'Calle 99 # 56-18, Barrio Ciudad Jard칤n, Cundinamarca', 'Bi칩logo'),
(40, 58220021, 'Valentina R칤os Fern치ndez', 'Calle 50 # 74-40, Barrio El Poblado, Boyac치', 'Turista'),
(41, 14060099, 'Ana Fern치ndez D칤az', 'Calle 139 # 9-2, Barrio Chapinero, La Guajira', 'Bi칩logo'),
(42, 62991348, 'Ana Rodr칤guez Garc칤a', 'Calle 100 # 30-23, Barrio El Poblado, Casanare', 'Ecologista'),
(43, 71090099, 'Ana Rodr칤guez D칤az', 'Calle 115 # 82-14, Barrio La Candelaria, Santander', 'Investigador'),
(44, 13269569, 'Mar칤a Rodr칤guez G칩mez', 'Calle 90 # 55-39, Barrio Santa B치rbara, Boyac치', 'Fot칩grafo'),
(45, 31579092, 'Diana G칩mez Romero', 'Calle 109 # 19-8, Barrio Bellavista, Norte de Santander', 'Estudiante'),
(46, 26150776, 'Luisa Moreno Moreno', 'Calle 61 # 56-38, Barrio El Recreo, C칩rdoba', 'Bi칩logo'),
(47, 49670579, 'Ana L칩pez Mart칤nez', 'Calle 105 # 23-48, Barrio Bellavista, Cesar', 'Bi칩logo'),
(48, 70763292, 'Sof칤a L칩pez Rodr칤guez', 'Calle 92 # 65-22, Barrio La Candelaria, Amazonas', 'Investigador'),
(49, 59282147, 'Sof칤a Fern치ndez Garc칤a', 'Calle 127 # 31-9, Barrio Bellavista, Caldas', 'Bi칩logo'),
(50, 88278796, 'Paula Mart칤nez Mart칤nez', 'Calle 83 # 19-36, Barrio San Fernando, Meta', 'Estudiante'),
(51, 56091773, 'Sof칤a L칩pez D칤az', 'Calle 16 # 98-29, Barrio Ciudad Jard칤n, La Guajira', 'Ecologista'),
(52, 67171299, 'Andr칠s D칤az Garc칤a', 'Calle 36 # 20-42, Barrio San Fernando, Cauca', 'Fot칩grafo'),
(53, 43609282, 'Hern치n Garc칤a Fern치ndez', 'Calle 97 # 55-36, Barrio Chapinero, Huila', 'Bi칩logo'),
(54, 16663248, 'Andr칠s Fern치ndez Moreno', 'Calle 12 # 64-19, Barrio El Recreo, Huila', 'Bi칩logo'),
(55, 74710622, 'Andr칠s G칩mez R칤os', 'Calle 50 # 10-9, Barrio Santa B치rbara, Nari침o', 'Ecologista'),
(56, 33182463, 'Miguel Mart칤nez Romero', 'Calle 77 # 70-37, Barrio Villa Hermosa, Nari침o', 'Estudiante'),
(57, 28293214, 'Hern치n G칩mez D칤az', 'Calle 31 # 99-43, Barrio Villa Hermosa, Santander', 'Ecologista'),
(58, 97517701, 'Diana L칩pez Fern치ndez', 'Calle 131 # 30-16, Barrio Bellavista, Caldas', 'Estudiante'),
(59, 77630436, 'Gabriela Fern치ndez Rodr칤guez', 'Calle 9 # 82-15, Barrio Santa B치rbara, Choc칩', 'Investigador'),
(60, 17047518, 'Isabel Garc칤a Mart칤nez', 'Calle 24 # 15-21, Barrio Los Alc치zares, San Andr칠s', 'Turista'),
(61, 87651311, 'Luis Romero Mart칤nez', 'Calle 88 # 26-4, Barrio Villa Hermosa, C칩rdoba', 'Ecologista'),
(62, 52905524, 'Valentina Fern치ndez D칤az', 'Calle 76 # 48-17, Barrio San Fernando, Magdalena', 'Turista'),
(63, 51134894, 'Ana R칤os Mart칤nez', 'Calle 15 # 81-35, Barrio La Candelaria, Quind칤o', 'Turista'),
(64, 97728474, 'Isabel Rodr칤guez Fern치ndez', 'Calle 104 # 86-18, Barrio San Fernando, Amazonas', 'Fot칩grafo'),
(65, 24744850, 'Jorge Rodr칤guez G칩mez', 'Calle 25 # 94-40, Barrio El Poblado, Cundinamarca', 'Investigador'),
(66, 30581411, 'Gabriela Moreno L칩pez', 'Calle 76 # 52-27, Barrio El Recreo, Guain칤a', 'Ecologista'),
(67, 62618342, 'Diana Mart칤nez Rodr칤guez', 'Calle 37 # 59-4, Barrio Chapinero, Caldas', 'Bi칩logo'),
(68, 14424786, 'Sof칤a Mart칤nez Romero', 'Calle 114 # 49-42, Barrio La Candelaria, San Andr칠s', 'Ecologista'),
(69, 33071166, 'Camilo Rodr칤guez Romero', 'Calle 3 # 24-28, Barrio San Fernando, Tolima', 'Bi칩logo'),
(70, 10679535, 'Fernando L칩pez L칩pez', 'Calle 106 # 77-26, Barrio Ciudad Jard칤n, San Andr칠s', 'Turista'),
(71, 98260644, 'Paula Moreno Fern치ndez', 'Calle 62 # 17-31, Barrio El Poblado, Risaralda', 'Fot칩grafo'),
(72, 76423181, 'Luis L칩pez G칩mez', 'Calle 96 # 60-29, Barrio El Recreo, Tolima', 'Turista'),
(73, 18578559, 'Juan Rodr칤guez Rodr칤guez', 'Calle 6 # 13-45, Barrio Ciudad Jard칤n, Amazonas', 'Turista'),
(74, 53882143, 'Isabel Garc칤a Mart칤nez', 'Calle 103 # 36-42, Barrio Chapinero, Sucre', 'Estudiante'),
(75, 12562329, 'Miguel Moreno D칤az', 'Calle 141 # 77-48, Barrio Ciudad Jard칤n, Cauca', 'Estudiante'),
(76, 27183751, 'Miguel Fern치ndez Fern치ndez', 'Calle 63 # 42-2, Barrio Villa Hermosa, Magdalena', 'Ecologista'),
(77, 50775050, 'Mar칤a Romero Rodr칤guez', 'Calle 140 # 65-49, Barrio La Candelaria, San Andr칠s', 'Bi칩logo'),
(78, 36842998, 'Paula Romero Moreno', 'Calle 69 # 13-38, Barrio Chapinero, Boyac치', 'Investigador'),
(79, 72757997, 'Luis Fern치ndez G칩mez', 'Calle 102 # 90-45, Barrio Los Alc치zares, Amazonas', 'Fot칩grafo'),
(80, 39088851, 'Valentina Mart칤nez D칤az', 'Calle 76 # 52-23, Barrio Chapinero, Risaralda', 'Investigador'),
(81, 33997737, 'Jorge R칤os Mart칤nez', 'Calle 9 # 48-42, Barrio Los Alc치zares, Vaup칠s', 'Bi칩logo'),
(82, 69196758, 'Hern치n Romero Romero', 'Calle 140 # 8-41, Barrio Santa B치rbara, Caquet치', 'Investigador'),
(83, 16240075, 'Diana Mart칤nez Fern치ndez', 'Calle 135 # 42-36, Barrio Bellavista, Arauca', 'Bi칩logo'),
(84, 28437752, 'Valentina G칩mez Romero', 'Calle 46 # 38-10, Barrio San Fernando, Antioquia', 'Estudiante'),
(85, 24540754, 'Sof칤a G칩mez R칤os', 'Calle 60 # 49-5, Barrio El Poblado, Vaup칠s', 'Fot칩grafo'),
(86, 21453361, 'Sof칤a R칤os Mart칤nez', 'Calle 150 # 93-18, Barrio Bellavista, Nari침o', 'Fot칩grafo'),
(87, 68172249, 'Hern치n R칤os Romero', 'Calle 84 # 81-43, Barrio San Fernando, C칩rdoba', 'Investigador'),
(88, 38626893, 'Carlos R칤os Garc칤a', 'Calle 44 # 71-50, Barrio Villa Hermosa, Boyac치', 'Investigador'),
(89, 92818928, 'Andr칠s Moreno D칤az', 'Calle 132 # 57-5, Barrio El Recreo, Quind칤o', 'Fot칩grafo'),
(90, 97385882, 'Luis Moreno Moreno', 'Calle 142 # 67-23, Barrio El Recreo, Santander', 'Investigador'),
(91, 93401242, 'Jorge L칩pez L칩pez', 'Calle 60 # 80-37, Barrio El Recreo, Cesar', 'Ecologista'),
(92, 26889501, 'Juan G칩mez Romero', 'Calle 131 # 50-30, Barrio San Fernando, Nari침o', 'Estudiante'),
(93, 62040339, 'Gabriela Moreno G칩mez', 'Calle 48 # 58-43, Barrio San Fernando, Cundinamarca', 'Fot칩grafo'),
(94, 48714287, 'Mar칤a Moreno Garc칤a', 'Calle 120 # 73-14, Barrio Los Alc치zares, Meta', 'Bi칩logo'),
(95, 56724767, 'Paula G칩mez Moreno', 'Calle 141 # 94-20, Barrio Los Alc치zares, Vaup칠s', 'Ecologista'),
(96, 35871863, 'Isabel Romero D칤az', 'Calle 119 # 27-8, Barrio Ciudad Jard칤n, Guaviare', 'Investigador'),
(97, 38497930, 'Valentina Mart칤nez R칤os', 'Calle 104 # 64-43, Barrio San Fernando, Cauca', 'Ecologista'),
(98, 98530709, 'Andr칠s R칤os R칤os', 'Calle 122 # 44-6, Barrio Santa B치rbara, Choc칩', 'Ecologista'),
(99, 75219198, 'Luis L칩pez Rodr칤guez', 'Calle 25 # 72-5, Barrio La Candelaria, Valle del Cauca', 'Ecologista'),
(100, 21275777, 'Andr칠s Garc칤a D칤az', 'Calle 107 # 83-42, Barrio La Candelaria, Casanare', 'Bi칩logo');

-- inserciones  registro visitante 
insert into registro_visitante (id, id_empleado, id_visitante, fecha) values
(1, 4, 22, '2024-07-26'),
(2, 13, 32, '2021-06-13'),
(3, 3, 66, '2019-05-13'),
(4, 6, 11, '2021-02-03'),
(5, 12, 44, '2020-08-02'),
(6, 12, 93, '2024-09-17'),
(7, 7, 81, '2023-10-20'),
(8, 12, 81, '2020-06-14'),
(9, 6, 92, '2020-04-03'),
(10, 13, 92, '2022-07-03'),
(11, 7, 43, '2020-06-26'),
(12, 11, 25, '2019-10-13'),
(13, 3, 90, '2021-12-04'),
(14, 6, 57, '2021-05-08'),
(15, 12, 58, '2020-01-11'),
(16, 4, 24, '2021-06-20'),
(17, 19, 51, '2021-10-07'),
(18, 18, 87, '2022-03-11'),
(19, 18, 21, '2019-09-26'),
(20, 4, 12, '2023-08-22'),
(21, 7, 48, '2023-09-11'),
(22, 2, 98, '2023-04-19'),
(23, 7, 66, '2020-10-04'),
(24, 13, 84, '2023-05-02'),
(25, 4, 76, '2023-12-08'),
(26, 6, 8, '2024-04-16'),
(27, 13, 69, '2023-01-26'),
(28, 9, 10, '2024-12-06'),
(29, 2, 31, '2023-03-07'),
(30, 7, 14, '2024-07-26'),
(31, 12, 24, '2020-10-23'),
(32, 2, 65, '2024-05-09'),
(33, 20, 72, '2019-08-17'),
(34, 13, 75, '2023-02-08'),
(35, 13, 60, '2019-08-04'),
(36, 2, 37, '2021-01-09'),
(37, 6, 31, '2021-03-17'),
(38, 6, 61, '2022-07-09'),
(39, 16, 55, '2021-03-11'),
(40, 9, 90, '2019-05-01'),
(41, 1, 92, '2021-02-28'),
(42, 13, 28, '2019-11-11'),
(43, 15, 26, '2020-07-27'),
(44, 16, 27, '2024-08-23'),
(45, 1, 99, '2019-04-08'),
(46, 10, 58, '2020-12-08'),
(47, 6, 29, '2021-07-14'),
(48, 14, 19, '2020-01-05'),
(49, 10, 69, '2020-01-11'),
(50, 12, 53, '2023-09-04'),
(51, 17, 82, '2019-03-21'),
(52, 8, 24, '2019-08-12'),
(53, 11, 77, '2021-07-05'),
(54, 16, 93, '2023-09-07'),
(55, 15, 31, '2023-02-07'),
(56, 19, 44, '2020-07-23'),
(57, 16, 73, '2024-06-22'),
(58, 13, 31, '2024-08-18'),
(59, 18, 97, '2024-09-06'),
(60, 14, 17, '2020-12-09'),
(61, 10, 14, '2024-01-22'),
(62, 5, 96, '2022-09-07'),
(63, 13, 13, '2022-01-16'),
(64, 1, 25, '2024-12-18'),
(65, 11, 50, '2023-01-03'),
(66, 1, 59, '2020-10-13'),
(67, 2, 85, '2019-07-07'),
(68, 16, 48, '2020-07-27'),
(69, 12, 95, '2024-03-27'),
(70, 17, 68, '2021-04-08'),
(71, 5, 49, '2019-06-28'),
(72, 8, 12, '2022-02-25'),
(73, 15, 100, '2019-03-07'),
(74, 13, 12, '2021-09-21'),
(75, 3, 100, '2023-09-11'),
(76, 13, 21, '2019-02-16'),
(77, 19, 97, '2019-12-28'),
(78, 6, 12, '2019-04-21'),
(79, 12, 90, '2019-11-23'),
(80, 15, 61, '2024-11-26'),
(81, 6, 53, '2020-04-04'),
(82, 11, 43, '2022-03-21'),
(83, 8, 9, '2019-04-05'),
(84, 18, 57, '2023-03-04'),
(85, 4, 22, '2020-11-19'),
(86, 5, 20, '2024-11-17'),
(87, 20, 36, '2023-02-03'),
(88, 6, 55, '2024-03-17'),
(89, 13, 20, '2021-05-19'),
(90, 3, 27, '2022-03-24'),
(91, 12, 87, '2023-01-10'),
(92, 13, 14, '2024-07-20'),
(93, 10, 1, '2023-04-09'),
(94, 17, 81, '2020-08-07'),
(95, 4, 96, '2019-05-09'),
(96, 1, 91, '2022-10-16'),
(97, 8, 35, '2021-10-06'),
(98, 6, 44, '2024-08-10'),
(99, 4, 85, '2022-10-26'),
(100, 20, 42, '2024-12-10'),
(101, 20, 38, '2022-01-01'),
(102, 16, 72, '2019-06-23'),
(103, 8, 51, '2021-04-16'),
(104, 12, 25, '2020-04-05'),
(105, 2, 89, '2022-01-16'),
(106, 14, 95, '2021-05-08'),
(107, 4, 30, '2019-06-21'),
(108, 5, 6, '2020-12-26'),
(109, 16, 77, '2019-08-20'),
(110, 9, 79, '2022-08-18'),
(111, 16, 37, '2022-04-12'),
(112, 9, 11, '2023-01-11'),
(113, 4, 84, '2024-10-21'),
(114, 18, 66, '2022-08-06'),
(115, 16, 60, '2021-01-15'),
(116, 9, 26, '2023-02-16'),
(117, 2, 52, '2024-10-24'),
(118, 20, 81, '2020-05-03'),
(119, 14, 66, '2019-10-18'),
(120, 10, 100, '2019-09-23'),
(121, 1, 5, '2023-05-04'),
(122, 5, 60, '2019-05-26'),
(123, 20, 26, '2024-11-19'),
(124, 20, 90, '2022-04-11'),
(125, 11, 42, '2019-10-09'),
(126, 12, 96, '2024-11-21'),
(127, 20, 58, '2023-02-08'),
(128, 12, 29, '2019-03-15'),
(129, 1, 100, '2021-03-27'),
(130, 2, 51, '2022-02-13'),
(131, 10, 90, '2021-10-10'),
(132, 18, 13, '2019-08-22'),
(133, 15, 87, '2021-06-03'),
(134, 11, 61, '2022-06-17'),
(135, 17, 49, '2022-08-10'),
(136, 14, 33, '2023-06-20'),
(137, 15, 48, '2020-07-01'),
(138, 5, 38, '2024-07-12'),
(139, 4, 98, '2023-12-24'),
(140, 9, 32, '2022-12-11'),
(141, 5, 83, '2023-07-18'),
(142, 3, 97, '2020-05-19'),
(143, 9, 70, '2022-03-04'),
(144, 9, 19, '2019-05-22'),
(145, 3, 42, '2023-01-02'),
(146, 1, 27, '2024-12-23'),
(147, 10, 45, '2021-08-08'),
(148, 11, 18, '2020-02-28'),
(149, 15, 88, '2020-05-21'),
(150, 2, 77, '2024-03-08'),
(151, 12, 98, '2019-02-26'),
(152, 16, 3, '2019-10-22'),
(153, 19, 14, '2022-11-10'),
(154, 20, 25, '2024-11-16'),
(155, 7, 4, '2021-03-04'),
(156, 13, 71, '2022-09-16'),
(157, 17, 88, '2021-11-08'),
(158, 7, 53, '2021-09-02'),
(159, 5, 20, '2022-10-09'),
(160, 15, 65, '2019-04-18'),
(161, 13, 46, '2020-06-10'),
(162, 8, 99, '2024-02-05'),
(163, 15, 6, '2020-03-16'),
(164, 20, 10, '2024-09-28'),
(165, 18, 44, '2024-02-16'),
(166, 11, 79, '2024-06-01'),
(167, 19, 8, '2022-08-13'),
(168, 7, 23, '2022-01-25'),
(169, 19, 71, '2020-12-06'),
(170, 8, 69, '2020-01-10'),
(171, 14, 63, '2023-07-22'),
(172, 5, 74, '2019-01-26'),
(173, 6, 84, '2021-12-20'),
(174, 20, 12, '2019-12-28'),
(175, 18, 51, '2024-07-19'),
(176, 18, 52, '2019-01-25'),
(177, 18, 4, '2024-06-18'),
(178, 16, 34, '2019-09-28'),
(179, 9, 7, '2020-07-19'),
(180, 19, 97, '2020-05-02'),
(181, 6, 62, '2021-01-23'),
(182, 7, 37, '2019-10-18'),
(183, 3, 45, '2022-11-25'),
(184, 6, 28, '2023-02-12'),
(185, 10, 95, '2023-07-01'),
(186, 11, 84, '2023-12-23'),
(187, 2, 64, '2023-08-28'),
(188, 18, 88, '2020-04-14'),
(189, 6, 13, '2022-11-25'),
(190, 1, 90, '2020-07-08'),
(191, 4, 31, '2024-06-13'),
(192, 17, 31, '2021-05-28'),
(193, 10, 84, '2021-09-18'),
(194, 1, 40, '2020-01-24'),
(195, 2, 48, '2021-07-07'),
(196, 7, 37, '2022-11-26'),
(197, 1, 26, '2019-11-07'),
(198, 8, 43, '2023-10-10'),
(199, 4, 16, '2019-01-01'),
(200, 11, 27, '2021-11-28');

 
-- insercion alojamiento
insert into alojamiento (id, id_parque, capacidad, categoria) values
(37, 1, 5, 'Lujo'),
(38, 2, 7, 'Lujo'),
(39, 3, 6, 'Lujo'),
(40, 4, 9, 'B치sico'),
(41, 5, 3, 'B치sico'),
(42, 6, 9, 'B치sico'),
(43, 7, 4, 'Medio'),
(44, 8, 2, 'Medio'),
(45, 9, 4, 'Medio'),
(46, 10, 6, 'Medio'),
(47, 11, 4, 'Lujo'),
(48, 12, 10, 'B치sico'),
(49, 13, 3, 'Medio'),
(50, 14, 6, 'B치sico'),
(51, 15, 3, 'Lujo'),
(52, 16, 8, 'Lujo'),
(53, 17, 5, 'Lujo'),
(54, 18, 6, 'Medio'),
(55, 19, 2, 'B치sico'),
(56, 20, 11, 'B치sico'),
(57, 21, 7, 'B치sico'),
(58, 22, 4, 'Medio'),
(59, 23, 7, 'Medio'),
(60, 24, 6, 'Lujo'),
(61, 25, 5, 'B치sico'),
(62, 26, 9, 'Lujo'),
(63, 27, 7, 'Lujo'),
(64, 28, 8, 'Medio'),
(65, 29, 9, 'B치sico'),
(66, 30, 7, 'B치sico'),
(67, 31, 2, 'Medio'),
(68, 32, 4, 'Medio'),
(69, 33, 9, 'Medio'),
(70, 34, 6, 'Lujo'),
(71, 35, 9, 'B치sico'),
(72, 36, 7, 'B치sico'),
(73, 37, 4, 'B치sico'),
(74, 38, 3, 'B치sico'),
(75, 39, 5, 'Medio'),
(76, 40, 8, 'Medio'),
(77, 41, 7, 'Lujo'),
(78, 42, 4, 'Medio'),
(79, 43, 4, 'Lujo'),
(80, 44, 3, 'Lujo'),
(81, 45, 4, 'Medio'),
(82, 46, 6, 'B치sico'),
(83, 47, 7, 'B치sico'),
(84, 48, 6, 'Lujo'),
(85, 49, 3, 'B치sico'),
(86, 50, 5, 'Medio');


-- inserciones de visitante alojamiento 
insert into visitante_alojamiento (id_visitante, id_alojamiento, fecha) values
(22, 46, '2024-12-05'),
(32, 39, '2022-09-02'),
(66, 45, '2024-04-22'),
(11, 49, '2019-01-26'),
(44, 38, '2024-08-01'),
(93, 49, '2021-01-16'),
(81, 44, '2024-08-09'),
(92, 64, '2020-12-02'),
(43, 37, '2022-10-16'),
(25, 57, '2021-12-16'),
(90, 84, '2021-01-26'),
(57, 69, '2021-02-08'),
(58, 71, '2024-02-27'),
(24, 83, '2020-06-28'),
(51, 47, '2023-05-25'),
(87, 54, '2023-04-26'),
(21, 53, '2019-08-16'),
(12, 76, '2021-04-27'),
(48, 83, '2022-07-14'),
(98, 57, '2022-09-12'),
(84, 60, '2023-11-27'),
(76, 43, '2019-09-28'),
(8, 86, '2020-05-08'),
(69, 78, '2021-08-25'),
(10, 65, '2022-03-26'),
(31, 54, '2019-08-16'),
(14, 82, '2020-04-21'),
(65, 67, '2021-08-15'),
(72, 79, '2020-05-06'),
(75, 60, '2021-05-04'),
(60, 73, '2022-02-25'),
(37, 43, '2021-11-23'),
(61, 38, '2019-04-04'),
(55, 64, '2020-10-22'),
(28, 65, '2024-11-03'),
(26, 52, '2020-02-24'),
(27, 64, '2024-03-04'),
(99, 54, '2020-12-19'),
(29, 58, '2019-08-08'),
(19, 67, '2022-04-25'),
(53, 76, '2021-12-24'),
(82, 86, '2023-02-28'),
(77, 70, '2021-02-04'),
(73, 54, '2020-11-23'),
(97, 69, '2022-12-01'),
(17, 72, '2023-09-19'),
(96, 65, '2019-12-02'),
(13, 48, '2023-03-26'),
(50, 86, '2019-02-20'),
(59, 45, '2020-12-03'),
(85, 70, '2024-07-26'),
(95, 52, '2023-02-13'),
(68, 49, '2021-12-13'),
(49, 70, '2022-09-17'),
(100, 71, '2019-03-20'),
(9, 50, '2019-10-09'),
(20, 77, '2021-07-03'),
(36, 58, '2022-06-17'),
(1, 62, '2022-10-10'),
(91, 85, '2021-10-07'),
(35, 58, '2020-06-07'),
(42, 85, '2020-09-23'),
(38, 73, '2022-08-07'),
(89, 44, '2024-12-22'),
(30, 66, '2023-12-23'),
(6, 62, '2020-12-24'),
(79, 62, '2020-03-20'),
(52, 78, '2020-03-01'),
(5, 68, '2024-12-08'),
(33, 82, '2023-12-18'),
(83, 81, '2019-01-05'),
(70, 38, '2022-09-04'),
(45, 54, '2020-06-16'),
(18, 81, '2021-05-20'),
(88, 37, '2022-08-25'),
(3, 78, '2024-12-16'),
(4, 56, '2022-02-28'),
(71, 45, '2021-10-16'),
(46, 43, '2022-08-13'),
(23, 73, '2020-04-17'),
(63, 72, '2022-05-05'),
(74, 74, '2024-11-15'),
(34, 44, '2020-06-27'),
(7, 67, '2023-09-03'),
(62, 53, '2020-10-26'),
(64, 73, '2022-05-01'),
(40, 56, '2022-10-23'),
(16, 57, '2020-06-10');



SELECT id FROM area ORDER BY id;
-- inserciones de  conservacion area
insert into conservacion_area (id_empleado, id_area, especialidad) values
(73, 1, 'Limpieza de ecosistemas'),
(74, 1, 'Cuidado de fauna'),
(62, 2, 'Reforestaci칩n'),
(89, 2, 'Cuidado de fauna'),
(66, 3, 'Limpieza de ecosistemas'),
(68, 3, 'Mantenimiento de senderos'),
(90, 4, 'Limpieza de ecosistemas'),
(77, 4, 'Reforestaci칩n'),
(76, 5, 'Reforestaci칩n'),
(82, 5, 'Reforestaci칩n'),
(85, 6, 'Cuidado de fauna'),
(72, 6, 'Cuidado de fauna'),
(69, 7, 'Control de especies invasoras'),
(75, 7, 'Control de especies invasoras'),
(71, 8, 'Control de especies invasoras'),
(64, 8, 'Cuidado de fauna'),
(67, 9, 'Cuidado de fauna'),
(65, 10, 'Cuidado de fauna'),
(88, 11, 'Mantenimiento de senderos'),
(84, 12, 'Cuidado de fauna'),
(61, 13, 'Cuidado de fauna'),
(81, 14, 'Reforestaci칩n'),
(79, 15, 'Control de especies invasoras'),
(80, 16, 'Reforestaci칩n'),
(70, 17, 'Reforestaci칩n'),
(86, 17, 'Reforestaci칩n'),
(83, 18, 'Cuidado de fauna'),
(78, 19, 'Mantenimiento de senderos'),
(63, 19, 'Reforestaci칩n'),
(87, 20, 'Reforestaci칩n');


-- inserciones de proyecto especie 
insert into proyecto_especie (id_proyecto, id_especie) values
(7, 72),
(5, 10),
(10, 61),
(11, 60),
(2, 2),
(15, 60),
(1, 15),
(10, 27),
(12, 61),
(15, 23),
(1, 33),
(15, 32),
(5, 21),
(11, 16),
(13, 19),
(19, 4),
(9, 67),
(12, 84),
(18, 51),
(6, 61),
(13, 12),
(4, 61),
(12, 77),
(9, 5),
(14, 28),
(4, 36),
(1, 12),
(19, 36),
(11, 32),
(20, 74),
(3, 12),
(17, 11),
(4, 11),
(18, 9),
(13, 89),
(12, 63),
(6, 31),
(13, 55),
(7, 48),
(6, 58),
(15, 70),
(10, 37),
(8, 49),
(3, 89),
(13, 2),
(13, 66),
(1, 9),
(18, 4),
(14, 9),
(20, 89),
(4, 72),
(17, 20),
(19, 81),
(2, 10),
(14, 39),
(11, 86),
(3, 57),
(5, 63),
(16, 39),
(4, 19),
(8, 1),
(16, 48),
(20, 39),
(20, 66),
(3, 4),
(18, 84),
(6, 39),
(9, 84),
(15, 72),
(8, 60),
(10, 66),
(1, 63),
(9, 77),
(9, 86),
(11, 83),
(2, 80),
(20, 61),
(18, 15),
(7, 24),
(16, 36),
(5, 8),
(10, 4),
(5, 72),
(14, 20),
(14, 84),
(12, 32),
(17, 28),
(20, 45),
(12, 41),
(6, 55);